,链接,图片,书名,评分,热评,价格,出版日期,出版社,作者
0,https://book.douban.com/subject/1007305/,https://img1.doubanio.com/view/subject/s/public/s1070959.jpg,红楼梦,9.6,都云作者痴，谁解其中味？, 59.70元, 1996-12 , 人民文学出版社 ,[清] 曹雪芹 著 
1,https://book.douban.com/subject/4913064/,https://img3.doubanio.com/view/subject/s/public/s29053580.jpg,活着,9.4,生的苦难与伟大, 20.00元, 2012-8-1 , 作家出版社 ,余华 
2,https://book.douban.com/subject/4820710/,https://img1.doubanio.com/view/subject/s/public/s4371408.jpg,1984,9.3,栗树荫下，我出卖你，你出卖我, 28.00, 2010-4-1 , 北京十月文艺出版社 ,[英] 乔治·奥威尔 / 刘绍铭 
3,https://book.douban.com/subject/6082808/,https://img3.doubanio.com/view/subject/s/public/s27237850.jpg,百年孤独,9.3,魔幻现实主义文学代表作, 39.50元, 2011-6 , 南海出版公司 ,[哥伦比亚] 加西亚·马尔克斯 / 范晔 
4,https://book.douban.com/subject/1068920/,https://img1.doubanio.com/view/subject/s/public/s1078958.jpg,飘,9.3,革命时期的爱情，随风而逝, 40.00元, 2000-9 , 译林出版社 ,[美国] 玛格丽特·米切尔 / 李美华 
5,https://book.douban.com/subject/6518605/,https://img9.doubanio.com/view/subject/s/public/s28357056.jpg,"三体全集

                
                   : 地球往事三部曲",9.4,地球往事三部曲, 168.00元, 2012-1-1 , 重庆出版社 ,刘慈欣 
6,https://book.douban.com/subject/1019568/,https://img2.doubanio.com/view/subject/s/public/s1076932.jpg,三国演义（全二册）,9.3,是非成败转头空, 39.50元, 1998-05 , 人民文学出版社 ,[明] 罗贯中 
7,https://book.douban.com/subject/27614904/,https://img3.doubanio.com/view/subject/s/public/s29651121.jpg,房思琪的初恋乐园,9.2,向死而生的文学绝唱, 45.00元, 2018-1 , 北京联合出版公司 ,林奕含 
8,https://book.douban.com/subject/2035179/,https://img3.doubanio.com/view/subject/s/public/s2347590.jpg,动物农场,9.2,太阳底下并无新事, 10.00元, 2007-3 , 上海译文出版社 ,[英] 乔治·奥威尔 / 荣如德 
9,https://book.douban.com/subject/10554308/,https://img1.doubanio.com/view/subject/s/public/s24514468.jpg,白夜行,9.1,一宗离奇命案牵出跨度近20年步步惊心的故事, 39.50元, 2013-1-1 , 南海出版公司 ,[日] 东野圭吾 / 刘姿君 
10,https://book.douban.com/subject/1040211/,https://img3.doubanio.com/view/subject/s/public/s1229240.jpg,福尔摩斯探案全集（上中下）,9.3,名侦探的代名词,68.00元, 53.00元, 1981-8 ,[英] 阿·柯南道尔 / 丁钟华 等 / 群众出版社 
11,https://book.douban.com/subject/1084336/,https://img2.doubanio.com/view/subject/s/public/s1103152.jpg,小王子,9.0,献给长成了大人的孩子们, 22.00元, 2003-8 , 人民文学出版社 ,[法] 圣埃克苏佩里 / 马振聘 
12,https://book.douban.com/subject/1255625/,https://img1.doubanio.com/view/subject/s/public/s23632058.jpg,天龙八部,9.1,有情皆孽，无人不冤, 96.0, 1994-5 , 生活.读书.新知三联书店 ,金庸 
13,https://book.douban.com/subject/1060068/,https://img3.doubanio.com/view/subject/s/public/s1066570.jpg,撒哈拉的故事,9.2,游荡的自由灵魂, 15.80元, 2003-8 , 哈尔滨出版社 ,三毛 
14,https://book.douban.com/subject/1046209/,https://img2.doubanio.com/view/subject/s/public/s1034062.jpg,安徒生童话故事集,9.2,为了争取未来的一代, 25.00元, 1997-08 , 人民文学出版社 ,（丹麦）安徒生 / 叶君健 
15,https://book.douban.com/subject/1336330/,https://img9.doubanio.com/view/subject/s/public/s1358984.jpg,"冰与火之歌（卷一）

                
                   : 权力的游戏",9.3,凛冬将至。无比宏大的世界观, 68.00元, 2005-5 , 重庆出版社 ,[美] 乔治·R. R. 马丁 / 谭光磊 
16,https://book.douban.com/subject/24531956/,https://img9.doubanio.com/view/subject/s/public/s29101586.jpg,哈利·波特,9.7,从9¾站台开始的旅程, 498.00元, 2008-12-1 , 人民文学出版社 ,J.K.罗琳 (J.K.Rowling) / 苏农 
17,https://book.douban.com/subject/1054685/,https://img1.doubanio.com/view/subject/s/public/s1447349.jpg,"沉默的大多数

                
                   : 王小波杂文随笔全编",9.1,沉默是沉默者的通行证, 27.00元, 1997-10 , 中国青年出版社 ,王小波 
18,https://book.douban.com/subject/25985021/,https://img2.doubanio.com/view/subject/s/public/s27814883.jpg,"人类简史

                
                   : 从动物到上帝",9.1,跟着人类一同走过十万年, CNY 68.00, 2014-11 , 中信出版社 ,[以色列] 尤瓦尔·赫拉利 / 林俊宏 
19,https://book.douban.com/subject/1200840/,https://img3.doubanio.com/view/subject/s/public/s1144911.jpg,平凡的世界（全三部）,9.0,中国当代城乡生活全景, 64.00元, 2005-1 , 人民文学出版社 ,路遥 
20,https://book.douban.com/subject/1008145/,https://img2.doubanio.com/view/subject/s/public/s1070222.jpg,围城,8.9,幽默的语言和对生活深刻的观察, 19.00, 1991-2 , 人民文学出版社 ,钱锺书 
21,https://book.douban.com/subject/4908885/,https://img9.doubanio.com/view/subject/s/public/s4468484.jpg,局外人,9.0,人生在世，永远也不该演戏作假, 22.00元, 2010-8 , 上海译文出版社 ,[法] 阿尔贝·加缪 / 柳鸣九 
22,https://book.douban.com/subject/6781808/,https://img2.doubanio.com/view/subject/s/public/s23128183.jpg,杀死一只知更鸟,9.2,有一种东西不能遵循从众原则，那就是——人的良心, 32.00元, 2012-9 , 译林出版社 ,[美] 哈珀·李 / 高红梅 
23,https://book.douban.com/subject/10594787/,https://img2.doubanio.com/view/subject/s/public/s11284102.jpg,霍乱时期的爱情,9.0,义无反顾地直达爱情的核心, 39.50元, 2012-9-1 , 南海出版公司 ,[哥伦比亚] 加西亚·马尔克斯 / 杨玲 
24,https://book.douban.com/subject/3674537/,https://img9.doubanio.com/view/subject/s/public/s3745215.jpg,"明朝那些事儿（1-9）

                
                   : 限量版",9.1,不拘一格的历史书写, 358.20元, 2009-4 , 中国海关出版社 ,当年明月 
25,https://book.douban.com/subject/1002299/,https://img9.doubanio.com/view/subject/s/public/s2157335.jpg,笑傲江湖（全四册）,9.0,欲练此功，必先自宫, 76.80元, 1994-5 , 生活·读书·新知三联书店 ,金庸 
26,https://book.douban.com/subject/1003479/,https://img9.doubanio.com/view/subject/s/public/s1319205.jpg,中国历代政治得失,9.2,一部简明的“中国政治制度史”, 12.00元, 2001 , 生活·读书·新知三联书店 ,钱穆 
27,https://book.douban.com/subject/1858513/,https://img1.doubanio.com/view/subject/s/public/s2659208.jpg,月亮和六便士,9.0,有多少人会经历顿悟，就有更少的人甘愿自我放逐, 15.00元, 2006-8 , 上海译文出版社 ,[英] 毛姆 / 傅惟慈 
28,https://book.douban.com/subject/1449351/,https://img2.doubanio.com/view/subject/s/public/s4696893.jpg,呐喊,9.0,新文学的第一声呐喊, 0.36元, 1973年3月 , 人民文学出版社 ,鲁迅 
29,https://book.douban.com/subject/1829226/,https://img9.doubanio.com/view/subject/s/public/s4007145.jpg,肖申克的救赎,9.1,豆瓣电影Top1原著, 29.90元, 2006-7 , 人民文学出版社 ,[美] 斯蒂芬·金 / 施寄青 
30,https://book.douban.com/subject/1085860/,https://img9.doubanio.com/view/subject/s/public/s3248016.jpg,基督山伯爵,9.0,一个报恩复仇的故事，以法国波旁王朝和七月王朝为背景, 43.90元, 1991-12-1 , 上海译文出版社 ,大仲马 / 周克希 
31,https://book.douban.com/subject/1827374/,https://img1.doubanio.com/view/subject/s/public/s1765799.jpg,东方快车谋杀案,9.0,谋杀诡计惊人，波洛的抉择耐人寻味, 18.00元, 2006-5 , 人民文学出版社 ,[英] 阿加莎·克里斯蒂 / 陈尧光 
32,https://book.douban.com/subject/1041482/,https://img9.doubanio.com/view/subject/s/public/s1800355.jpg,万历十五年,8.9,见微知著，历史观的颠覆, 18.00元, 1997-5 , 生活·读书·新知三联书店 ,[美] 黄仁宇 
33,https://book.douban.com/subject/1770782/,https://img3.doubanio.com/view/subject/s/public/s1727290.jpg,追风筝的人,8.9,为你，千千万万遍, 29.00元, 2006-5 , 上海人民出版社 ,[美] 卡勒德·胡赛尼 / 李继宏 
34,https://book.douban.com/subject/26986954/,https://img9.doubanio.com/view/subject/s/public/s29376146.jpg,"新名字的故事

                
                   : 那不勒斯四部曲2",9.0,探索青年时代的激情、困惑、挣扎、背叛和失去, 59.00元, 2017-4 , 人民文学出版社 ,[意] 埃莱娜·费兰特 / 陈英 
35,https://book.douban.com/subject/30172069/,https://img1.doubanio.com/view/subject/s/public/s29799269.jpg,"失踪的孩子

                
                   : 那不勒斯四部曲4",9.1,我的整个生命，只是一场为了提升社会地位的低俗斗争。, 62.00元, 2018-7 , 人民文学出版社 ,[意] 埃莱娜·费兰特 / 陈英 
36,https://book.douban.com/subject/7060185/,https://img2.doubanio.com/view/subject/s/public/s7019913.jpg,江城,9.1,外国人眼中的涪陵, 36.00元, 2012-1 , 上海译文出版社 ,[美] 彼得·海斯勒 / 李雪顺 
37,https://book.douban.com/subject/1795079/,https://img9.doubanio.com/view/subject/s/public/s1665415.jpg,乡土中国,9.2,中国乡土社会传统文化和社会结构理论研究代表作, 38.00, 2006-4 , 上海人民出版社 ,费孝通 
38,https://book.douban.com/subject/2035162/,https://img2.doubanio.com/view/subject/s/public/s2347562.jpg,刀锋,9.0,一把刀的锋刃不容易越过；因此智者说得救之道是困难的, 18.00元, 2007-3 , 上海译文出版社 ,[英]毛姆 / 周煦良 
39,https://book.douban.com/subject/3211779/,https://img9.doubanio.com/view/subject/s/public/s3254244.jpg,嫌疑人X的献身,8.9,数学好是一种极致的浪漫, 28.00, 2008-9 , 南海出版公司 ,[日] 东野圭吾 / 刘子倩 
40,https://book.douban.com/subject/5414391/,https://img1.doubanio.com/view/subject/s/public/s32271209.jpg,"寻路中国

                
                   : 从乡村到工厂的自驾之旅",9.0,《纽约客》驻北京记者驾车漫游中国大陆的经历, 33.00元, 2011-1 , 上海译文出版社 ,[美] 彼得·海斯勒 / 李雪顺 
41,https://book.douban.com/subject/1254588/,https://img1.doubanio.com/view/subject/s/public/s2654869.jpg,"城南旧事

                
                   : 纪念普及版",9.0,长亭外，古道边，芳草碧连天, 16.00元, 2003-7 , 中国青年出版社 ,林海音 文 
42,https://book.douban.com/subject/1044547/,https://img9.doubanio.com/view/subject/s/public/s2157336.jpg,射雕英雄传（全四册）,9.0,侠之大者，为国为民, 47.00元, 1999-04 , 生活·读书·新知三联书店 ,金庸 
43,https://book.douban.com/subject/1209899/,https://img1.doubanio.com/view/subject/s/public/s1151479.jpg,"我与地坛

                
                   : 史铁生代表作",9.1,这是你的罪孽与福祉, 25.00元, 2002-5 , 春风文艺出版社 ,史铁生 
44,https://book.douban.com/subject/10564071/,https://img9.doubanio.com/view/subject/s/public/s28111905.jpg,"白鹿原

                
                   : 20周年精装典藏版",9.2,一轴关于我们民族灵魂的现实主义画卷, 39.00元, 2012-9 , 人民文学出版社 ,陈忠实 
45,https://book.douban.com/subject/1043008/,https://img3.doubanio.com/view/subject/s/public/s1134341.jpg,格林童话全集,9.0,一本有教育意义的书, 21.45元, 1994-11 , 人民文学出版社 ,[德国]格林兄弟 / 魏以新 
46,https://book.douban.com/subject/1089243/,https://img2.doubanio.com/view/subject/s/public/s1076372.jpg,"黄金时代

                
                   : 时代三部曲",8.9,我想爱，想吃，还想在一瞬间变成天上半明半暗的云, 19.00元, 1999-3 , 花城出版社 ,王小波 
47,https://book.douban.com/subject/1083428/,https://img2.doubanio.com/view/subject/s/public/s4250062.jpg,傲慢与偏见,8.9,所有现代言情小说的母体, 13.00元, 1993-7 , 人民文学出版社 ,[英] 奥斯丁 / 张玲 
48,https://book.douban.com/subject/3006581/,https://img3.doubanio.com/view/subject/s/public/s2962510.jpg,无人生还,8.9,童谣杀人案, 19.00, 2008-3 , 人民文学出版社 ,[英] 阿加莎・克里斯蒂 / 祁阿红 
49,https://book.douban.com/subject/1027191/,https://img9.doubanio.com/view/subject/s/public/s1768916.jpg,"历史深处的忧虑

                
                   : 近距离看美国之一",9.0,窥见美国社会的一扇窗, 19.00元, 1997-5 , 生活·读书·新知三联书店 ,林达 
50,https://book.douban.com/subject/1915958/,https://img1.doubanio.com/view/subject/s/public/s2364689.jpg,野草,9.4,我以这一丛野草，在明与暗，生与死，过去与未来之际，献于友与仇，人与兽，爱者与不爱者之前作证。, 0.20元, 1973-3 , 人民文学出版社 ,鲁迅 
51,https://book.douban.com/subject/3162991/,https://img2.doubanio.com/view/subject/s/public/s3219163.jpg,艺术的故事,9.6,从最早的洞窟绘画到当今的实验艺术, 280.00, 2008-04 , 广西美术出版社 ,[英] 贡布里希 (Sir E.H.Gombrich) / 范景中 
52,https://book.douban.com/subject/20440644/,https://img1.doubanio.com/view/subject/s/public/s24611679.jpg,"文学回忆录

                
                   : 1989—1994",9.1,木心留给世界的礼物, 98.00元, 2013-1-10 , 广西师范大学出版社 ,木心 口述 
53,https://book.douban.com/subject/1255624/,https://img9.doubanio.com/view/subject/s/public/s26018916.jpg,神雕侠侣,8.9,至情至性，情大于武, 76.80元, 1994-5 , 生活·读书·新知三联书店 ,金庸 / 有1996年11月北平第4次印本 
54,https://book.douban.com/subject/1077847/,https://img9.doubanio.com/view/subject/s/public/s1953384.jpg,史记（全十册）,9.5,史家之绝唱，无韵之离骚, 125.00, 1982-11 , 中华书局 ,司马迁 / （索隐）司马贞，（正义）张守节 
55,https://book.douban.com/subject/1205054/,https://img9.doubanio.com/view/subject/s/public/s4521754.jpg,悲惨世界（上中下）,9.0,现实主义与浪漫主义的至高杰作, 66.00元, 1992-6 , 人民文学出版社 ,[法] 雨果 / 李丹 
56,https://book.douban.com/subject/1449348/,https://img9.doubanio.com/view/subject/s/public/s33500305.jpg,彷徨,9.1,路漫漫其修远兮，吾将上下而求索, 0.37元, 1973-3 , 人民文学出版社 ,鲁迅 
57,https://book.douban.com/subject/1467022/,https://img9.doubanio.com/view/subject/s/public/s1486674.jpg,"上帝掷骰子吗

                
                   : 量子物理史话",9.2,量子物理史话, 32.00元, 2006-1 , 辽宁教育出版社 ,曹天元 
58,https://book.douban.com/subject/1029791/,https://img3.doubanio.com/view/subject/s/public/s1074291.jpg,许三观卖血记,8.8,以博大的温情描绘磨难中的人生, 16.80元, 1998-9 , 南海出版公司 ,余华 
59,https://book.douban.com/subject/1856494/,https://img3.doubanio.com/view/subject/s/public/s2059791.jpg,卡拉马佐夫兄弟,9.4,错综复杂的社会、家庭矛盾和人性悲剧, 25.00元, 2006-8 , 上海译文出版社 ,[俄] 费奥多尔·陀思妥耶夫斯基 / 荣如德 
60,https://book.douban.com/subject/1449352/,https://img2.doubanio.com/view/subject/s/public/s2875823.jpg,朝花夕拾,8.9,在纷扰中寻出一点闲静, 0.25元, 1972-4 , 人民文学出版社 ,鲁迅 
61,https://book.douban.com/subject/6789605/,https://img9.doubanio.com/view/subject/s/public/s8968135.jpg,树上的男爵,9.1,是不是真的只有先与人疏离，才能最终与他们在一起？, 30.00元, 2012-4-1 , 译林出版社 ,[意] 伊塔洛·卡尔维诺 / 吴正仪 
62,https://book.douban.com/subject/1029111/,https://img9.doubanio.com/view/subject/s/public/s1020454.jpg,哭泣的骆驼,8.9,沙漠中寻常的生与死, 15.80元, 2003-6 , 哈尔滨出版社 ,三毛 
63,https://book.douban.com/subject/20424526/,https://img1.doubanio.com/view/subject/s/public/s24516687.jpg,邓小平时代,9.2,个人命运背后的历史变局, 88.00元, 2013-1 , 生活·读书·新知三联书店 ,[美] 傅高义 / 冯克利 
64,https://book.douban.com/subject/2143732/,https://img9.doubanio.com/view/subject/s/public/s2651394.jpg,灿烂千阳,8.8,唯有希望与爱可以驱散阴霾, 28.00元, 2007-9 , 上海人民出版社 ,[美] 卡勒德·胡赛尼 / 李继宏 
65,https://book.douban.com/subject/20427187/,https://img2.doubanio.com/view/subject/s/public/s24468373.jpg,看见,8.8,在这里看见中国, 39.80元, 2013-1-1 , 广西师范大学出版社 ,柴静 
66,https://book.douban.com/subject/6709783/,https://img9.doubanio.com/view/subject/s/public/s6807265.jpg,浪潮之巅,9.0,了解IT领域的入门读物, 55.00元, 2011-8 , 电子工业出版社 ,吴军 
67,https://book.douban.com/subject/1883245/,https://img2.doubanio.com/view/subject/s/public/s1979223.jpg,诗经,9.4,思无邪, 19.90元, 2006-7 , 北京出版社 ,孔丘 编订 
68,https://book.douban.com/subject/1029553/,https://img9.doubanio.com/view/subject/s/public/s1627374.jpg,西游记（全二册）,8.9,神魔皆有人情，精魅亦通世故, 47.20元, 2004-8 , 人民文学出版社 ,吴承恩 / 黄肃秋 注释 
69,https://book.douban.com/subject/5337248/,https://img9.doubanio.com/view/subject/s/public/s4526465.jpg,台北人,8.9,白先勇短篇小说集, 38.00元, 2010-10 , 广西师范大学出版社 ,白先勇 
70,https://book.douban.com/subject/25829693/,https://img3.doubanio.com/view/subject/s/public/s29555070.jpg,"永恒的终结

                
                   : 关于时间旅行的终极奥秘和恢宏构想",9.0,关于时间旅行的终极奥秘和恢宏构想, 32.00元, 2014-9-1 , 江苏凤凰文艺出版社 ,[美] 艾萨克·阿西莫夫 / 崔正男 
71,https://book.douban.com/subject/1007914/,https://img3.doubanio.com/view/subject/s/public/s1067911.jpg,窗边的小豆豆,8.7,真正懂孩子的教育经, 20.00元, 2003-1 , 南海出版公司 ,[日] 黑柳彻子 著 / 赵玉皎 
72,https://book.douban.com/subject/3406401/,https://img1.doubanio.com/view/subject/s/public/s6790238.jpg,悉达多,9.0,在那最绝望的一刹那，他突然听到了生命之河永恒的声音……, 20.00, 2009-3 , 上海人民出版社 ,[德] 赫尔曼·黑塞 / 杨玉功 译 
73,https://book.douban.com/subject/1203426/,https://img1.doubanio.com/view/subject/s/public/s9130587.jpg,人间词话,9.0,以新眼光评旧文学, 9.80元, 1998-12-01 , 上海古籍出版社 ,王国维 
74,https://book.douban.com/subject/3071717/,https://img2.doubanio.com/view/subject/s/public/s4661043.jpg,爱你就像爱生命,8.8,王小波与李银河的两地书, 18.00元, 2008-5 , 上海锦绣文章出版社 ,王小波 
75,https://book.douban.com/subject/26672693/,https://img3.doubanio.com/view/subject/s/public/s29071620.jpg,一个叫欧维的男人决定去死,9.0,这个发生在瑞典的故事，如生命庆典般绚丽斑斓, 35.00元, 2015-12 , 四川文艺出版社 ,[瑞典] 弗雷德里克·巴克曼 / 宁蒙 
76,https://book.douban.com/subject/1023045/,https://img2.doubanio.com/view/subject/s/public/s1015872.jpg,我们仨,8.7,家庭生活回忆录, 18.80元, 2003-7 , 生活·读书·新知三联书店 ,杨绛 
77,https://book.douban.com/subject/26698660/,https://img9.doubanio.com/view/subject/s/public/s28668834.jpg,"巨人的陨落

                
                   : 世纪三部曲",8.9,五个家族，一场战争, 129.80元, 2016-5-1 , 江苏凤凰文艺出版社 ,[英] 肯·福莱特 / 于大卫 
78,https://book.douban.com/subject/26576861/,https://img3.doubanio.com/view/subject/s/public/s28355811.jpg,"最好的告别

                
                   : 关于衰老与死亡，你必须知道的常识",9.0,关于衰老与死亡，你必须知道的常识, 54.90元, 2015-7-31 , 浙江人民出版社 ,[美] 阿图·葛文德（Atul Gawande） / 王一方 主编 
79,https://book.douban.com/subject/1060852/,https://img3.doubanio.com/view/subject/s/public/s1167060.jpg,"呼兰河传

                
                   : 1947年版本・原版珍藏",8.9,萧红的童年往事, 19.00, 2005-01 , 百花文艺出版社 ,萧红 
80,https://book.douban.com/subject/1059258/,https://img3.doubanio.com/view/subject/s/public/s1045431.jpg,道德经,9.4,中国历史上首部完整的哲学著作, 4.50元, 1996-10 , 陕西人民出版社 ,黄元吉 
81,https://book.douban.com/subject/33440205/,https://img9.doubanio.com/view/subject/s/public/s33492346.jpg,你当像鸟飞往你的山,8.8,我来自一个极少有人能想象的家庭，教育给了我新世界, 59.00元, 2019-10-20 , 南海出版公司 ,[美] 塔拉·韦斯特弗 / 任爱红 
82,https://book.douban.com/subject/6388661/,https://img3.doubanio.com/view/subject/s/public/s6828981.jpg,这些人，那些事,8.8,平淡叙述下的惊心动魄, 28.00元, 2011-9 , 译林出版社 ,吴念真 
83,https://book.douban.com/subject/1092335/,https://img1.doubanio.com/view/subject/s/public/s2832939.jpg,教父,9.0,“教父三部曲”电影原著, 23.30元, 1997-8 , 译林出版社 ,[美]马里奥·普佐 / 周汉林 
84,https://book.douban.com/subject/2046909/,https://img9.doubanio.com/view/subject/s/public/s2364685.jpg,故事新编,9.4,拾取古代传说，取一点因由，随意点染, 0.31 元, 1973-12-01 , 人民文学出版社 ,鲁迅 
85,https://book.douban.com/subject/21371175/,https://img2.doubanio.com/view/subject/s/public/s25814002.jpg,"罗杰疑案

                
                   : 阿加莎·克里斯蒂侦探作品集02",9.2,, 28.00元, 2013-3 , 新星出版社 ,[英] 阿加莎·克里斯蒂 / 常禾 
86,https://book.douban.com/subject/1013267/,https://img1.doubanio.com/view/subject/s/public/s1008848.jpg,唐诗三百首,9.4,熟读唐诗三百首，不会吟诗也会吟, 0.65, 1998-1-1 , 中华书局 ,蘅塘退士 
87,https://book.douban.com/subject/24257229/,https://img3.doubanio.com/view/subject/s/public/s27003191.jpg,鼠疫,9.0,用别样的监禁生活再现某种监禁生活，与用不存在的事表现真事同等合理, 34.00元, 2013-8 , 上海译文出版社 ,(法)阿尔贝·加缪 / 刘方 
88,https://book.douban.com/subject/1011754/,https://img3.doubanio.com/view/subject/s/public/s1067491.jpg,海子的诗,8.9,, 15.40, 1999-04 , 人民文学出版社 ,海子 
89,https://book.douban.com/subject/1058661/,https://img2.doubanio.com/view/subject/s/public/s1044902.jpg,飞鸟集,8.9,一个淡泊清透的世界, 16.80元, 2004-6 , 哈尔滨出版社 ,[印] 罗宾德拉纳德·泰戈尔 / 徐翰林 
90,https://book.douban.com/subject/1212893/,https://img3.doubanio.com/view/subject/s/public/s3134040.jpg,鹿鼎记（全五册）,8.8,武侠的解构，流氓的狂欢, 108.00元, 2008-3 , 广州出版社 花城出版社 ,金庸 
91,https://book.douban.com/subject/2035171/,https://img1.doubanio.com/view/subject/s/public/s3983958.jpg,人生的枷锁,9.0,在混沌纷扰的生活漩流中，寻求人生的真谛, 32.00元, 2007-3 , 上海译文出版社 ,[英] 毛姆 / 张柏然 
92,https://book.douban.com/subject/1863930/,https://img3.doubanio.com/view/subject/s/public/s1804710.jpg,看不见的城市,8.8,每一座城市都只在想象中耸立，又在描述中坍圮, 16.00元, 2006-8 , 译林出版社 ,[意大利]伊塔洛·卡尔维诺 / 张宓 
93,https://book.douban.com/subject/26425831/,https://img3.doubanio.com/view/subject/s/public/s28332051.jpg,"斯通纳

                
                   : A Novel",8.8,即使不能拥有完美的生活，所幸追求过完整的自我, 49.00元, 2016-1 , 上海人民出版社 ,[美] 约翰·威廉斯 / 杨向荣 
94,https://book.douban.com/subject/2070844/,https://img2.doubanio.com/view/subject/s/public/s2393243.jpg,梦里花落知多少,8.8,哀而不伤, 28.00元, 2007-6 , 北京十月文艺出版社 ,三毛 
95,https://book.douban.com/subject/1057244/,https://img1.doubanio.com/view/subject/s/public/s1595557.jpg,边城,8.7,一切充满了善，然而到处是不凑巧, 12.00元, 2002-4 , 北岳文艺出版社 ,沈从文 
96,https://book.douban.com/subject/10471333/,https://img3.doubanio.com/view/subject/s/public/s9015481.jpg,"叫魂

                
                   : 1768年中国妖术大恐慌",9.0,1768年中国妖术大恐慌, 38.00元, 2012-5 , 生活·读书·新知三联书店 上海三联书店 ,[美] 孔飞力 / 陈兼 
97,https://book.douban.com/subject/1034282/,https://img3.doubanio.com/view/subject/s/public/s1914861.jpg,"时间简史

                
                   : 插图本",8.8,探索时间和空间的核心秘密, 45.00元, 2010-4 , 湖南科学技术出版社 ,[英] 史蒂芬·霍金 / 许明贤 
98,https://book.douban.com/subject/5038409/,https://img9.doubanio.com/view/subject/s/public/s4444885.jpg,金色梦乡,9.0,伊坂幸太郎代表作, 35.00元, 2010-9 , 译林出版社 ,[日] 伊坂幸太郎 / 李彦桦 
99,https://book.douban.com/subject/6880158/,https://img2.doubanio.com/view/subject/s/public/s6987353.jpg,陆犯焉识,8.8,翻手为苍凉，覆手为繁华, 35.00元, 2011-10 , 作家出版社 ,严歌苓 
100,https://book.douban.com/subject/1119839/,https://img9.doubanio.com/view/subject/s/public/s2019056.jpg,王尔德童话,9.1,一颗纯美纯善、永难泯灭的童心, 6.00元, 2003-6 , 译林出版社 ,[英] 王尔德 / 王林 
101,https://book.douban.com/subject/3261600/,https://img9.doubanio.com/view/subject/s/public/s4619775.jpg,人生的智慧,9.2,对世俗、实用问题深刻而透彻的讨论, 28.00元, 2008-10 , 上海人民出版社 ,[德] 阿图尔·叔本华 / 韦启昌 
102,https://book.douban.com/subject/10522856/,https://img3.doubanio.com/view/subject/s/public/s8958901.jpg,冬牧场,9.0,阿勒泰的精灵, 29.80元, 2012-6 , 新星出版社 ,李娟 
103,https://book.douban.com/subject/3410718/,https://img2.doubanio.com/view/subject/s/public/s3893343.jpg,美的历程,9.2,中国美学经典之作, 43.00元, 2009-1-1 , 生活·读书·新知三联书店 ,李泽厚 
104,https://book.douban.com/subject/2154960/,https://img1.doubanio.com/view/subject/s/public/s2611329.jpg,一个陌生女人的来信,8.7,暗恋的极致, 20.00元, 2007-7 , 上海译文出版社 ,[奥] 斯台芬·茨威格 / 张玉书 
105,https://book.douban.com/subject/5337254/,https://img3.doubanio.com/view/subject/s/public/s6240330.jpg,孽子,9.1,写给那一群， 在最深最深的黑夜里， 独自彷徨街头， 无所依归的孩子们, 46.00元, 2010.10 , 广西师范大学出版社 ,白先勇 
106,https://book.douban.com/subject/26362836/,https://img3.doubanio.com/view/subject/s/public/s28050760.jpg,献给阿尔吉侬的花束,9.1,当声称能改造智能的科学实验选中心智障碍主角, 36.00元, 2015-4 , 广西师范大学出版社 ,[美] 丹尼尔·凯斯 / 陈澄和 
107,https://book.douban.com/subject/27104959/,https://img3.doubanio.com/view/subject/s/public/s29535271.jpg,"离开的，留下的

                
                   : 那不勒斯四部曲3",8.8,探索中年的虚无、困惑、野心和近乎残暴的爱, 62.00元, 2017-10 , 人民文学出版社 ,[意] 埃莱娜·费兰特 / 陈英 
108,https://book.douban.com/subject/1046492/,https://img9.doubanio.com/view/subject/s/public/s23922774.jpg,國史大綱（上下）,9.3,钱穆中国通史, 76.00元, 2013-8 , 商務印書館 ,錢穆 
109,https://book.douban.com/subject/2160556/,https://img1.doubanio.com/view/subject/s/public/s2619779.jpg,十万个为什么,9.1,, 30.00元, 1962 ,少年儿童出版社 ,少年儿童出版社 
110,https://book.douban.com/subject/6798611/,https://img2.doubanio.com/view/subject/s/public/s6974202.jpg,史蒂夫·乔布斯传,8.7,完美主义者的最高形态, 68.00元, 2011-10-24 , 中信出版社 ,[美] 沃尔特·艾萨克森 / 管延圻 
111,https://book.douban.com/subject/2284311/,https://img3.doubanio.com/view/subject/s/public/s3042670.jpg,苏菲的世界,8.8,哲学启蒙书, 26.00元, 2007-10 , 作家出版社 ,[挪] 乔斯坦·贾德 / 萧宝森 
112,https://book.douban.com/subject/4207781/,https://img9.doubanio.com/view/subject/s/public/s4124434.jpg,孩子你慢慢来,8.7,我们现在怎样做母亲, 28.00元, 2009-12-1 , 生活·读书·新知三联书店 ,龙应台 
113,https://book.douban.com/subject/1062343/,https://img1.doubanio.com/view/subject/s/public/s1121598.jpg,"昨日的世界

                
                   : 一个欧洲人的回忆",9.2,一个高贵而残破的昨日镜像, 32.00元, 2004-5-1 , 广西师范大学出版社 ,[奥] 斯蒂芬·茨威格 / 舒昌善 
114,https://book.douban.com/subject/1028842/,https://img9.doubanio.com/view/subject/s/public/s1785715.jpg,经济学原理（上下）,9.1,经济学家们的世界观, 88.00元, 2003-8 , 机械工业出版社 ,[美] 曼昆 / 梁小民 
115,https://book.douban.com/subject/3026879/,https://img9.doubanio.com/view/subject/s/public/s2990934.jpg,爱的艺术,8.8,谦恭地、勇敢地、真诚地和有纪律地爱他人, 15.00元, 2008-4 , 上海译文出版社 ,[美] 艾·弗洛姆 / 李健鸣 
116,https://book.douban.com/subject/1036490/,https://img2.doubanio.com/view/subject/s/public/s1099483.jpg,万水千山走遍,8.8,从遥远的撒哈拉到敦煌戈壁, 13.80, 2003-08 , 哈尔滨出版社 ,三毛 
117,https://book.douban.com/subject/1014825/,https://img9.doubanio.com/view/subject/s/public/s2170315.jpg,"我也有一个梦想

                
                   : 近距离看美国之三",9.0,在法治国家里，民众怎样运用法律, 25.00元, 2004-08 , 生活·读书·新知三联书店 ,林达 
118,https://book.douban.com/subject/1088581/,https://img9.doubanio.com/view/subject/s/public/s2280094.jpg,浮生六记,8.8,苟不记之笔墨，未免有辜彼苍之厚, 5.70元, 1999-1 , 人民文学出版社 ,（清）沈复 
119,https://book.douban.com/subject/3518332/,https://img9.doubanio.com/view/subject/s/public/s3675595.jpg,绿毛水怪,9.0,我们好象在池塘的水底，从一个月亮走向另一个月亮, 30.00元, 2009-1 , 时代文艺出版社 ,王小波 
120,https://book.douban.com/subject/1765512/,https://img9.doubanio.com/view/subject/s/public/s4133656.jpg,"海的女儿

                
                   : 安徒生童话全集之一",9.1,, 0.43, 1978年6月 , 上海译文出版社 ,安徒生 / 叶君健 
121,https://book.douban.com/subject/26613061/,https://img9.doubanio.com/view/subject/s/public/s28332484.jpg,九州·缥缈录,8.8,一轴腥风血雨的乱世长卷，中国版《冰与火之歌》, 198.00元, 2015-10 , 人民文学出版社 ,江南 
122,https://book.douban.com/subject/4238362/,https://img1.doubanio.com/view/subject/s/public/s4243447.jpg,送你一颗子弹,8.6,在这本书里，被“审视”的东西杂七杂八, 25.00元, 2010-1 , 上海三联书店 ,刘瑜 
123,https://book.douban.com/subject/3183775/,https://img1.doubanio.com/view/subject/s/public/s3228699.jpg,四世同堂,9.3,北平沦陷时代广大平民的悲惨遭遇, 36.00元, 2008-07 , 北京十月文艺出版社 ,老舍 
124,https://book.douban.com/subject/25796120/,https://img1.doubanio.com/view/subject/s/public/s29746559.jpg,小径分岔的花园,8.9,一个谜语，谜底正是时间, 23.00, 2015-7 , 上海译文出版社 ,[阿根廷] 豪·路·博尔赫斯 / 王永年 
125,https://book.douban.com/subject/4920007/,https://img2.doubanio.com/view/subject/s/public/s4421443.jpg,"不能承受的生命之轻

                
                   : 中文全译本百万纪念版",8.8,, 29.00元, 2010-8 , 上海译文出版社 ,米兰·昆德拉 / 许钧 
126,https://book.douban.com/subject/1985223/,https://img3.doubanio.com/view/subject/s/public/s4638950.jpg,倾城之恋,8.7,“一对平凡的夫妻”之间的“一点真心”, 29.80元, 2006-12 , 北京十月文艺出版社 ,张爱玲 
127,https://book.douban.com/subject/1080370/,https://img9.doubanio.com/view/subject/s/public/s1127135.jpg,情书,8.6,一场同名同姓的误会，两段可贵的爱情, 18.00元, 2004-7 , 天津人民出版社 ,[日] 岩井俊二 / 穆晓芳 
128,https://book.douban.com/subject/10560798/,https://img9.doubanio.com/view/subject/s/public/s9038826.jpg,面纱,8.7,揭去生活的面纱, 32.00元, 2012-05-01 , 重庆 ,(英)W.萨默塞特·毛姆 / 阮景林 
129,https://book.douban.com/subject/1192090/,https://img9.doubanio.com/view/subject/s/public/s26040205.jpg,球状闪电,8.7,量子之外，没有真相, 22.00元, 2005-6 , 四川科学技术出版社 ,刘慈欣 
130,https://book.douban.com/subject/1088022/,https://img1.doubanio.com/view/subject/s/public/s9950828.jpg,亮剑,8.9,面对强大的对手，明知不敌，也要毅然亮剑, 28.00元, 2005-3 , 解放军文艺出版社 ,都梁 
131,https://book.douban.com/subject/3995526/,https://img1.doubanio.com/view/subject/s/public/s3984108.jpg,目送,8.6,不必追, 39.00元, 2009-10 , 生活·读书·新知三联书店 ,龙应台 
132,https://book.douban.com/subject/4881850/,https://img3.doubanio.com/view/subject/s/public/s6185540.jpg,阿勒泰的角落,9.1,白雪和阳光，青草和白桦林, 25.00元, 2010-6 , 万卷出版公司 ,李娟 
133,https://book.douban.com/subject/25976544/,https://img1.doubanio.com/view/subject/s/public/s27598249.jpg,"故事

                
                   : 材质、结构、风格和银幕剧作的原理",9.2,材质、结构、风格和银幕剧作的原理, 68.00元, 2014-9-1 , 天津人民出版社 ,[美] 罗伯特·麦基 / 周铁东 
134,https://book.douban.com/subject/1426971/,https://img1.doubanio.com/view/subject/s/public/s1469589.jpg,"野火集

                
                   : 二十年纪念版",8.8,中国人，你为什么不生气, 25.00元, 2005-8 , 文汇出版社 ,龙应台 
135,https://book.douban.com/subject/4884218/,https://img1.doubanio.com/view/subject/s/public/s6180859.jpg,我的阿勒泰,8.8,描写疆北阿勒泰地区生活和风情的原生态散文集, 22.00元, 2010-7 , 云南人民出版社 ,李娟 
136,https://book.douban.com/subject/3369793/,https://img1.doubanio.com/view/subject/s/public/s3993878.jpg,亲爱的安德烈,8.6,弭平代沟，跨越文化阻隔, 26.00, 2008-12 , 人民文学出版社 ,龙应台 
137,https://book.douban.com/subject/1014561/,https://img2.doubanio.com/view/subject/s/public/s1325863.jpg,古文观止,9.1,收录自先秦至明末的散文二百二十二篇, 21.00元, 1987-1-1 , 中华书局 ,吴楚材 
138,https://book.douban.com/subject/1760432/,https://img2.doubanio.com/view/subject/s/public/s3628082.jpg,"受戒

                
                   : 汪曾祺自选集",9.3,江南乡镇民间生活，健康淳朴的人性, 3.95元, 1987-10 , 漓江出版社 ,汪曾祺 
139,https://book.douban.com/subject/1051193/,https://img3.doubanio.com/view/subject/s/public/s1137441.jpg,"麦琪的礼物

                
                   : 欧·亨利短篇小说经典",8.6,日常的奇迹, 25.00元, 2003-7 , 上海社会科学院出版社 ,[美] 欧·亨利 / 张经浩 
140,https://book.douban.com/subject/1813841/,https://img2.doubanio.com/view/subject/s/public/s1738643.jpg,"枪炮、病菌与钢铁

                
                   : 人类社会的命运",8.7,人类社会的命运, 45.00元, 2006-4-1 , 上海世纪出版集团 ,[美] 贾雷德·戴蒙德 / 谢延光 
141,https://book.douban.com/subject/1088711/,https://img9.doubanio.com/view/subject/s/public/s24964086.jpg,霸王别姬,9.1,人间，只是抹去了脂粉的脸, 10.20元, 1999-1 , 人民文学出版社 ,李碧华 
142,https://book.douban.com/subject/2068249/,https://img1.doubanio.com/view/subject/s/public/s2391798.jpg,温柔的夜,9.1,三毛在加纳利群岛的生活, 28.00元, 2007-5 , 北京十月文艺出版社 ,三毛 
143,https://book.douban.com/subject/1394364/,https://img3.doubanio.com/view/subject/s/public/s3696740.jpg,银河系漫游指南,8.8,一场穿越银河的冒险, 16.00元, 2005-6 , 四川科学技术出版社 ,[英] 道格拉斯·亚当斯 / 徐百柯 
144,https://book.douban.com/subject/25862578/,https://img3.doubanio.com/view/subject/s/public/s27264181.jpg,解忧杂货店,8.5,现代人内心流失的东西，这家杂货店能帮你找回, 39.50元, 2014-5 , 南海出版公司 ,[日] 东野圭吾 / 李盈春 
145,https://book.douban.com/subject/3151575/,https://img3.doubanio.com/view/subject/s/public/s3203360.jpg,"激荡三十年

                
                   : 中国企业1978-2008（珍藏图文版）",8.6,中国企业1978—2008, 32.00元, 2008-7-1 , 中信出版社 ,吴晓波 
146,https://book.douban.com/subject/1020961/,https://img1.doubanio.com/view/subject/s/public/s26237958.jpg,棋王,8.8,我从未真正见过火，也未见过毁灭，更不知新生, 13.00, 1999-10 , 作家出版社 ,阿城 
147,https://book.douban.com/subject/20428302/,https://img1.doubanio.com/view/subject/s/public/s27217828.jpg,失明症漫记,9.1,失明症迅速蔓延，整个城市陷入一场空前的灾难, 29.50, 2014-2 , 南海出版公司 ,[葡] 若泽·萨拉马戈 / 范维信 
148,https://book.douban.com/subject/1818347/,https://img1.doubanio.com/view/subject/s/public/s1683067.jpg,尼罗河上的惨案,8.7,阿加莎·克里斯蒂代表作, 22.00元, 2006-5 , 人民文学出版社 ,[英] 阿加莎·克里斯蒂 / 宫英海 
149,https://book.douban.com/subject/3054821/,https://img1.doubanio.com/view/subject/s/public/s3099438.jpg,"渴望生活

                
                   : 梵高传",9.2,梵高悲惨而成就辉煌的人生, 29.80元, 2008-4 , 北京十月文艺出版社 ,[美] 欧文·斯通 / 常涛 
150,https://book.douban.com/subject/3578470/,https://img9.doubanio.com/view/subject/s/public/s3979854.jpg,"德米安

                
                   : 埃米尔·辛克莱的彷徨少年时",9.0,少年辛克莱寻找通向自身之路的艰辛历程, 25.00元, 2009-3 , 上海人民出版社 ,[德] 赫尔曼·黑塞 / 丁君君 
151,https://book.douban.com/subject/4166819/,https://img1.doubanio.com/view/subject/s/public/s4293097.jpg,你好，旧时光（上 下）,8.7,原作名切题, 39.80元, 2009-12 , 新世界出版社 ,八月长安 
152,https://book.douban.com/subject/1963684/,https://img1.doubanio.com/view/subject/s/public/s2838737.jpg,半生缘,8.6,世钧，我们回不去了, 28.00元, 2006-12 , 北京十月文艺出版社 ,张爱玲 
153,https://book.douban.com/subject/1858568/,https://img9.doubanio.com/view/subject/s/public/s1790246.jpg,罪与罚,9.1,描绘人内心的全部深度, 23.00元, 2006-8 , 上海译文出版社 ,[俄] 陀思妥耶夫斯基 / 岳麟 
154,https://book.douban.com/subject/1675478/,https://img2.doubanio.com/view/subject/s/public/s1681072.jpg,"天朝的崩溃

                
                   : 鸦片战争再研究",9.1,鸦片战争再研究, 32.00元, 2005-7 , 生活·读书·新知三联书店 ,茅海建 
155,https://book.douban.com/subject/3136271/,https://img1.doubanio.com/view/subject/s/public/s3435158.jpg,罗生门,8.7,人生，远比地狱更像地狱, 12.00元, 2008-7 , 上海译文出版社 ,[日]芥川龙之介 / 林少华 
156,https://book.douban.com/subject/25884880/,https://img2.doubanio.com/view/subject/s/public/s28313152.jpg,"我不知道该说什么，关于死亡还是爱情

                
                   : 来自切尔诺贝利的声音",9.0,真实记录切尔诺贝利核灾难事件, 34.80元, 2014-6-15 ,铁葫芦图书 ,S.A.阿列克谢耶维奇 / 方祖芳 / 花城出版社
157,https://book.douban.com/subject/1476651/,https://img2.doubanio.com/view/subject/s/public/s1670932.jpg,"社会心理学

                
                   : （第8版）",9.0,人们是如何思索、影响他人并与他人建立联系的, 68.00元, 2006-1 , 人民邮电出版社 ,[美] 戴维·迈尔斯 / 张智勇 
158,https://book.douban.com/subject/4187411/,https://img9.doubanio.com/view/subject/s/public/s4093514.jpg,万物有灵且美,8.8,活泼的生命完全无须借助魔法，便能对我们述说至美至真的故事, 28.80, 2010-1 , 中国城市出版社 ,[英] 吉米·哈利 / 种衍伦 
159,https://book.douban.com/subject/26878124/,https://img1.doubanio.com/view/subject/s/public/s29164777.jpg,"我的天才女友

                
                   : 那不勒斯四部曲1",8.5,“那不勒斯四部曲”第一部，两个女人，50年的友谊和战争, 42.00元, 2017-1 , 人民文学出版社 ,[意] 埃莱娜·费兰特 / 陈英 
160,https://book.douban.com/subject/1056315/,https://img9.doubanio.com/view/subject/s/public/s2170316.jpg,"总统是靠不住的

                
                   : 近距离看美国之二",8.8,美国政治法律制度的基本原理和操作细节, 21.80, 2004-08 , 生活·读书·新知三联书店 ,林达 
161,https://book.douban.com/subject/1036613/,https://img3.doubanio.com/view/subject/s/public/s33516550.jpg,茶馆,9.0,清末、民初、抗战胜利以后三个历史时期的北京生活风貌, 9.80元, 2002-1 , 人民文学出版社 ,老舍 
162,https://book.douban.com/subject/1070851/,https://img1.doubanio.com/view/subject/s/public/s1829709.jpg,倚天屠龙记(共四册),8.6,不识张郎是张郎, 47.00, 1999-04 , 三联书店 ,金庸 
163,https://book.douban.com/subject/1859140/,https://img9.doubanio.com/view/subject/s/public/s1950424.jpg,上学记,8.9,20世纪中国知识分子的心灵史, 19.80元, 2006-8 , 生活·读书·新知三联书店 ,何兆武 口述 
164,https://book.douban.com/subject/1033825/,https://img2.doubanio.com/view/subject/s/public/s1024472.jpg,顾城的诗,8.8,火焰是我们诗歌唯一的读者, 20.00, 1998-12 , 人民文学出版社 ,顾城 
165,https://book.douban.com/subject/24754316/,https://img9.doubanio.com/view/subject/s/public/s26720726.jpg,最好的我们,8.7,耿耿余淮, 55, 2013-8-5 , 湖南文艺出版社 ,八月长安 
166,https://book.douban.com/subject/1086249/,https://img9.doubanio.com/view/subject/s/public/s2781615.jpg,荆棘鸟,8.6,澳洲乱世情, 28.00元, 1998-7 , 译林出版社 ,[澳] 考琳·麦卡洛 / 曾胡 
167,https://book.douban.com/subject/1253310/,https://img3.doubanio.com/view/subject/s/public/s1201610.jpg,人间草木,9.1,我就是要这样香，香得痛痛快快, 20.00元, 2005-01 , 江苏文艺出版社 ,汪曾祺 
168,https://book.douban.com/subject/3633461/,https://img1.doubanio.com/view/subject/s/public/s6916838.jpg,一句顶一万句,8.7,一句胜过千年, 29.80, 2009-3 , 长江文艺出版社 ,刘震云 
169,https://book.douban.com/subject/3813669/,https://img1.doubanio.com/view/subject/s/public/s4146437.jpg,"民主的细节

                
                   : 美国当代政治观察随笔",8.6,公民养成手册, 25.00, 2009-6 , 上海三联书店 ,刘瑜 
170,https://book.douban.com/subject/10583099/,https://img2.doubanio.com/view/subject/s/public/s29796663.jpg,"全球通史

                
                   : 从史前史到21世纪",9.1,从史前史到21世纪, 168.00元, 2012-2-1 , 北京大学出版社 ,(美) 斯塔夫里阿诺斯 / 吴象婴 
171,https://book.douban.com/subject/1052990/,https://img3.doubanio.com/view/subject/s/public/s2652540.jpg,草房子,9.0,男孩桑桑刻骨铭心、终身难忘的六年小学生活, 18.00元, 2009-6 , 江苏少年儿童出版社 ,曹文轩 
172,https://book.douban.com/subject/2136140/,https://img1.doubanio.com/view/subject/s/public/s2563279.jpg,雨季不再来,8.7,三毛少女时代的成长感受, 28.00元, 2007-7 , 北京十月文艺出版社 ,三毛 
173,https://book.douban.com/subject/1013416/,https://img1.doubanio.com/view/subject/s/public/s23579217.jpg,雷雨,8.6,一幕人生大悲剧，在一个雷雨夜爆发, 9.20, 1999-05 , 人民文学出版社 ,曹禺 
174,https://book.douban.com/subject/1004821/,https://img9.doubanio.com/view/subject/s/public/s1068535.jpg,理想国,8.8,人类历史上最早的乌托邦, 28.00元, 1986-8 , 商务印书馆 ,[古希腊] 柏拉图 / 郭斌和 
175,https://book.douban.com/subject/1963912/,https://img3.doubanio.com/view/subject/s/public/s1993421.jpg,"正见

                
                   : 佛陀的证悟",8.8,佛陀的证悟, 25.00元, 2007-1 , 中国友谊出版公司 ,宗萨蒋扬钦哲仁波切 / 姚仁喜 
176,https://book.douban.com/subject/2326403/,https://img2.doubanio.com/view/subject/s/public/s28274132.jpg,"认识电影

                
                   : 插图第11版",8.9,电影入门经典之作, 68.00元, 2007-11 , 世界图书出版公司 ,[美] 路易斯·贾内梯 / 焦雄屏 
177,https://book.douban.com/subject/1949420/,https://img1.doubanio.com/view/subject/s/public/s2142329.jpg,孙子兵法,9.4,我国最古老最杰出的一部兵书, 20.00元, 2006-7 , 上海古籍出版社 ,孙武 / 郭化若 
178,https://book.douban.com/subject/1035848/,https://img1.doubanio.com/view/subject/s/public/s1070937.jpg,一千零一夜,8.7,阿拉伯地区的古代民间传说, 22.00, 2003-01 , 人民文学出版社 ,纳训 
179,https://book.douban.com/subject/24382569/,https://img1.doubanio.com/view/subject/s/public/s26546959.jpg,一桩事先张扬的凶杀案,8.7,我如此急切地想要讲述这桩案件，也许是它最终确定了我的作家生涯, 25.00元, 2013-6 , 南海出版公司 ,[哥伦比亚] 加西亚·马尔克斯 / 魏然 
180,https://book.douban.com/subject/6397275/,https://img2.doubanio.com/view/subject/s/public/s6343233.jpg,"此生未完成

                
                   : 一个母亲、妻子、女儿的生命日记",8.9,一个母亲、妻子、女儿的生命日记, 26.00元, 2011-5 , 湖南科技出版社 ,于娟 
181,https://book.douban.com/subject/1102715/,https://img3.doubanio.com/view/subject/s/public/s2516920.jpg,"从一到无穷大

                
                   : 科学中的事实和臆测",9.1,科学中的事实和臆测, 29.00元, 2002-11 , 科学出版社 ,[美] G. 伽莫夫 / 暴永宁 译 
182,https://book.douban.com/subject/1008357/,https://img1.doubanio.com/view/subject/s/public/s1436519.jpg,水浒传（全二册）,8.6,替天行道, 50.60元, 1997-1 , 人民文学出版社 ,[明] 施耐庵 
183,https://book.douban.com/subject/26357614/,https://img3.doubanio.com/view/subject/s/public/s28061231.jpg,海风中失落的血色馈赠,9.1,男女之间、父母与子女之间紧密的纽带和难以逾越的鸿沟, CNY 20.00, 2015-6-1 , 上海文艺出版社 ,[加拿大] 阿利斯泰尔·麦克劳德 / 陈以侃 
184,https://book.douban.com/subject/1085883/,https://img3.doubanio.com/view/subject/s/public/s1072541.jpg,"青铜时代

                
                   : 时代三部曲",8.7,唐人传奇贯注现代情趣, 29.00元, 1997-5 , 花城出版社 ,王小波 
185,https://book.douban.com/subject/3608208/,https://img1.doubanio.com/view/subject/s/public/s3668327.jpg,牧羊少年奇幻之旅,8.5,你自己就是最大的宝藏, 25.00元, 2009-3-1 , 南海出版公司 ,[巴西] 保罗·柯艾略 / 丁文林 
186,https://book.douban.com/subject/1803022/,https://img1.doubanio.com/view/subject/s/public/s1677577.jpg,圣经,9.0,上帝说，要有光, 1996, 中国基督教协会 ,中国基督教协会 ,中国基督教协会 
187,https://book.douban.com/subject/26210487/,https://img1.doubanio.com/view/subject/s/public/s27914268.jpg,强风吹拂,9.0,明明这么痛苦，这么难过，为什么就是不能放弃跑步？, 39.00元, 2015-1-1 , 广西师范大学出版社 ,三浦紫苑 / 林佩瑾 
188,https://book.douban.com/subject/26389895/,https://img9.doubanio.com/view/subject/s/public/s28284246.jpg,"银河帝国：基地七部曲

                
                   : 百万册纪念版",9.5,阿西莫夫经典科幻小说, 328.00元, 2015-10-1 , 江苏凤凰文艺出版社 ,[美] 艾萨克·阿西莫夫 / 叶李华 
189,https://book.douban.com/subject/26586492/,https://img1.doubanio.com/view/subject/s/public/s28284337.jpg,火星救援,8.9,跟火星来一场不是你死就是我活的过家家游戏, 38.00, 2015-10 , 译林出版社 ,[美] 安迪·威尔 / 陈灼 
190,https://book.douban.com/subject/3311253/,https://img9.doubanio.com/view/subject/s/public/s3380714.jpg,额尔古纳河右岸,9.0,东北少数民族鄂温克人生存现状及百年沧桑, 29.00元, 2005-12-1 , 北京十月文艺出版社 ,迟子建 
191,https://book.douban.com/subject/1021273/,https://img9.doubanio.com/view/subject/s/public/s1069364.jpg,中国哲学简史,8.9,中国哲学入门书, 38.00元, 2004-1 , 新世界出版社 ,冯友兰 / 赵复三 
192,https://book.douban.com/subject/22714154/,https://img1.doubanio.com/view/subject/s/public/s26037307.jpg,繁花,8.7,海上繁花，请静观静读, 48.00元, 2013-3 , 上海文艺出版社 ,金宇澄 
193,https://book.douban.com/subject/4842446/,https://img1.doubanio.com/view/subject/s/public/s4494379.jpg,巨流河,8.7,两代人从巨流河到哑口海的故事, 39.00元, 2010-10 , 生活·读书·新知三联书店 ,齐邦媛 
194,https://book.douban.com/subject/6021440/,https://img9.doubanio.com/view/subject/s/public/s4669554.jpg,"黑客与画家

                
                   : 硅谷创业之父Paul Graham文集",8.7,硅谷创业之父Paul Graham文集, 49.00元, 2011-4 , 人民邮电出版社 ,[美] Paul Graham / 阮一峰 
195,https://book.douban.com/subject/20507206/,https://img1.doubanio.com/view/subject/s/public/s24598159.jpg,"众病之王

                
                   : 癌症传",9.1,癌症传, 42.00元, 2013-2-4 , 中信出版社 ,[美] 悉达多·穆克吉 / 李虎 
196,https://book.douban.com/subject/2046236/,https://img9.doubanio.com/view/subject/s/public/s5765615.jpg,庄子,9.4,野马也，尘埃也，生物之以息相吹也, 20.00元, 2007-04 , 中华书局 ,孙通海 译注 / 方勇 译注 
197,https://book.douban.com/subject/26896859/,https://img2.doubanio.com/view/subject/s/public/s29423902.jpg,当呼吸化为空气,8.8,你在死亡中探究生命的意义，你见证生前的呼吸化作死后的空气, 48.00元, 2016-12 , 猫头鹰文化·浙江文艺出版社 ,[美] 保罗·卡拉尼什 / 何雨珈 
198,https://book.douban.com/subject/3017857/,https://img9.doubanio.com/view/subject/s/public/s2976745.jpg,金锁记,8.6,一个小商人家庭出身的女子曹七巧的心灵变迁历程, 13.5元, 2005-6 , 哈尔滨出版社 ,张爱玲 
199,https://book.douban.com/subject/3646172/,https://img9.doubanio.com/view/subject/s/public/s3814606.jpg,恶意,8.4,将手记体叙事的无限可能发挥得淋漓尽致, 18.00, 2009-6 , 南海出版公司 ,[日] 东野圭吾 / 娄美莲 
200,https://book.douban.com/subject/1964774/,https://img9.doubanio.com/view/subject/s/public/s5804746.jpg,论语,9.1,仁远乎哉？我欲仁，斯仁至矣, 9.80元, 2006-12 ,中华书局 ,中华书局 
201,https://book.douban.com/subject/1141406/,https://img9.doubanio.com/view/subject/s/public/s5924326.jpg,简爱（英文全本）,8.5,灰姑娘在十九世纪, 18.00元, 2003-11 , 世界图书出版公司 ,[英] 夏洛蒂·勃朗特 
202,https://book.douban.com/subject/2158684/,https://img3.doubanio.com/view/subject/s/public/s2897060.jpg,象棋的故事,9.1,纳粹法西斯对人心灵的折磨及摧残, 23.00元, 2007-7 , 上海译文出版社 ,[奥] 斯台芬·茨威格 / 张玉书 
203,https://book.douban.com/subject/26295448/,https://img9.doubanio.com/view/subject/s/public/s28033064.jpg,"你一生的故事

                
                   : 特德·姜科幻小说集",8.7,特德·姜科幻小说集, 36.00元, 2015-5 , 译林出版社 ,[美] 特德·姜 / 李克勤 
204,https://book.douban.com/subject/1004992/,https://img9.doubanio.com/view/subject/s/public/s1662165.jpg,张爱玲文集,8.9,, 45元, 1992年 , 安徽文艺出版社 ,张爱玲 
205,https://book.douban.com/subject/10774752/,https://img9.doubanio.com/view/subject/s/public/s24174596.jpg,毛姆短篇小说精选集,9.0,在各种光怪陆离的场景中，迷失的人性引发了一连串的悲剧, 36.00元, 2012-11 , 译林出版社 ,[英] 威廉·萨默塞特·毛姆 / 冯亦代 
206,https://book.douban.com/subject/1036274/,https://img1.doubanio.com/view/subject/s/public/s1120437.jpg,夏洛的网,8.6,一个蜘蛛和小猪的故事，写给孩子，也写给大人, 17.00元, 2004-5 , 上海译文出版社 ,[美] E.B.怀特 / 任溶溶 
207,https://book.douban.com/subject/1941558/,https://img2.doubanio.com/view/subject/s/public/s2165932.jpg,设计中的设计,8.6,日常生活的无限可能性, 48.00元, 2006-11 , 山东人民出版社 ,[日] 原研哉 / 朱锷 
208,https://book.douban.com/subject/2297697/,https://img1.doubanio.com/view/subject/s/public/s2756239.jpg,ZOO,8.6,噩梦中的一丝温度, 20.00元, 2007-10 , 当代世界出版社 ,[日] 乙一 / 李颖秋 
209,https://book.douban.com/subject/3131626/,https://img1.doubanio.com/view/subject/s/public/s3286369.jpg,荒原狼,9.0,“超现实主义”风格作品，德国的《尤利西斯》, 13.00, 2008-7 , 上海译文出版社 ,[德]赫尔曼·黑塞 / 赵登荣 
210,https://book.douban.com/subject/26957760/,https://img1.doubanio.com/view/subject/s/public/s29331058.jpg,"世界的凛冬

                
                   : 世纪三部曲 2",8.8,我亲眼目睹，每一个迈向死亡的生命都在热烈地生长, 132.00（全三册）, 2017-3-1 , 江苏凤凰文艺出版社 ,[英] 肯·福莱特 / 陈杰 
211,https://book.douban.com/subject/26963321/,https://img3.doubanio.com/view/subject/s/public/s29425921.jpg,步履不停,8.7,人生路上，步履不停，总有那么一点来不及, 36.80元, 2017-5 , 北京联合出版公司 ,[日] 是枝裕和 / 郑有杰 
212,https://book.douban.com/subject/2159042/,https://img1.doubanio.com/view/subject/s/public/s27312538.jpg,挪威的森林,8.5,像喜欢春天的熊一样, 23.00元, 2007-7 , 上海译文出版社 ,[日] 村上春树 / 林少华 
213,https://book.douban.com/subject/2008284/,https://img2.doubanio.com/view/subject/s/public/s3922462.jpg,佐贺的超级阿嬷,8.7,乐观的外婆却总有神奇的办法, 20.00元, 2007-3 , 南海出版公司 ,[日] 岛田洋七 / 陈宝莲 
214,https://book.douban.com/subject/3607117/,https://img1.doubanio.com/view/subject/s/public/s3667048.jpg,稻草人手记,8.9,三毛在加纳利群岛上的生活, 18.00元, 2009-3 , 北京十月文艺出版社 ,三毛 
215,https://book.douban.com/subject/1083762/,https://img9.doubanio.com/view/subject/s/public/s1134166.jpg,人类的群星闪耀时,8.7,十四个影响人类文明的瞬间, 18.00元, 2004-8 , 广西师范大学出版社 ,[奥] 斯蒂芬·茨威格 / 舒昌善 
216,https://book.douban.com/subject/27002046/,https://img9.doubanio.com/view/subject/s/public/s29477615.jpg,美丽新世界,9.1,, 45.00元, 2017-6 , 上海译文出版社 ,[英] 赫胥黎 / 陈超 
217,https://book.douban.com/subject/1291809/,https://img1.doubanio.com/view/subject/s/public/s1801057.jpg,世界尽头与冷酷仙境,8.6,交叉平行蒙太奇, 23.00元, 2002-12 , 上海译文出版社 ,[日] 村上春树 / 林少华 
218,https://book.douban.com/subject/3057556/,https://img1.doubanio.com/view/subject/s/public/s28036829.jpg,"狂热分子

                
                   : 群众运动圣经",8.9,探讨群众运动的共有特征, 34.00元, 2011-6 , 广西师范大学出版社 ,[美] 埃里克·霍弗 / 梁永安 
219,https://book.douban.com/subject/1073708/,https://img9.doubanio.com/view/subject/s/public/s1075414.jpg,牡丹亭,9.0,不到园林，怎知春色如许, 14.50元, 1963-4-1 , 人民文学出版社 ,汤显祖 
220,https://book.douban.com/subject/26704403/,https://img9.doubanio.com/view/subject/s/public/s28397415.jpg,二手时间,8.8,用最为细小的马赛克拼出了一幅完整的后苏联时代图景, 55.00元, 2016-1 , 中信出版集团 ,[白俄] S. A. 阿列克谢耶维奇 / 吕宁思 
221,https://book.douban.com/subject/3815125/,https://img2.doubanio.com/view/subject/s/public/s3867373.jpg,"香水

                
                   : 一个谋杀犯的故事",8.9,, 25.00元, 2009-6 , 上海译文出版社 ,[德] 帕·聚斯金德 / 李清华 
222,https://book.douban.com/subject/1786387/,https://img9.doubanio.com/view/subject/s/public/s1657785.jpg,影响力,8.6,营销防骗指南, 45.00元, 2006-5 , 中国人民大学出版社 ,[美] 罗伯特·西奥迪尼 / 陈叙 
223,https://book.douban.com/subject/3391248/,https://img3.doubanio.com/view/subject/s/public/s3511590.jpg,金阁寺,8.7,他的犯罪动机是对美的嫉妒, 24.00, 2009-1 , 上海译文出版社 ,[日] 三岛由纪夫 / 唐月梅 
224,https://book.douban.com/subject/1006197/,https://img1.doubanio.com/view/subject/s/public/s27009357.jpg,哈姆莱特,8.6,生存还是毁灭，这是一个值得思考的问题, 7.00元, 2001-1 , 人民文学出版社 ,[英] 莎士比亚 / 朱生豪 
225,https://book.douban.com/subject/1277981/,https://img3.doubanio.com/view/subject/s/public/s3470220.jpg,社会契约论,8.8,一个国家只能有一个契约, 18.00元, 2003-2-1 , 商务印书馆 ,卢梭 / 何兆武 
226,https://book.douban.com/subject/1422833/,https://img1.doubanio.com/view/subject/s/public/s1641357.jpg,多情剑客无情剑(上、中、下),8.7,流水滔滔斩不断，情丝百结冲不破, 49.8, 1991-12-01 , 海天出版社 ,古龙 
227,https://book.douban.com/subject/2253380/,https://img1.doubanio.com/view/subject/s/public/s5763939.jpg,安娜·卡列尼娜,9.2,, 37.00元, 2007-8 , 上海文艺出版社 ,[俄] 列夫·托尔斯泰 / 草婴 
228,https://book.douban.com/subject/10738023/,https://img9.doubanio.com/view/subject/s/public/s9110246.jpg,了不起的盖茨比,8.7,, 25.00元, 2012-5 , 南海出版公司 ,[美] 斯科特·菲茨杰拉德 / 邓若虚 
229,https://book.douban.com/subject/1064275/,https://img3.doubanio.com/view/subject/s/public/s1050021.jpg,老人与海,8.4,正是悲壮赋予生活以意义, 8.20元, 1999-10 , 上海译文出版社 ,海明威 / 吴劳 
230,https://book.douban.com/subject/1043815/,https://img3.doubanio.com/view/subject/s/public/s1146040.jpg,骆驼祥子,8.4,旧中国老北京贫苦市民的典型命运, 12.00, 2000-3-1 , 人民文学出版社 ,老舍 
231,https://book.douban.com/subject/4836682/,https://img3.doubanio.com/view/subject/s/public/s4425090.jpg,告白,8.5,, 26.00元, 2010年6月 , 哈尔滨出版社 ,[日]凑佳苗 / 丁世佳 
232,https://book.douban.com/subject/1012307/,https://img1.doubanio.com/view/subject/s/public/s2522397.jpg,"规训与惩罚

                
                   : 监狱的诞生",9.2,伴随着惩罚的人性化，自由反而日益丧失了, 21.80元, 2003-1 , 生活·读书·新知三联书店 ,[法] 米歇尔·福柯 / 刘北成 
233,https://book.douban.com/subject/1077528/,https://img9.doubanio.com/view/subject/s/public/s8879166.jpg,通往奴役之路,8.8,古典自由主义杰作, 16.00, 1997-08-01 , 中国社会科学出版社 ,弗里德利希・冯・哈耶克 / 王明毅 
234,https://book.douban.com/subject/1091203/,https://img1.doubanio.com/view/subject/s/public/s24399718.jpg,少年凯歌,9.2,, 10.00元, 2001-6 , 人民文学出版社 ,陈凯歌 
235,https://book.douban.com/subject/1692648/,https://img9.doubanio.com/view/subject/s/public/s9018034.jpg,一个人的村庄,8.9,他是真正的作家，也是真正的农民, 28.00元, 2006-1 , 春风文艺出版社 ,刘亮程 
236,https://book.douban.com/subject/1037602/,https://img9.doubanio.com/view/subject/s/public/s1027286.jpg,"别闹了，费曼先生

                
                   : 科学顽童的故事",8.9,科学顽童的故事, 22.00, 1997-12 , 生活·读书·新知三联书店 ,[美] 理查德·费曼 / 吴程远 
237,https://book.douban.com/subject/26923390/,https://img9.doubanio.com/view/subject/s/public/s29179365.jpg,"长夜难明

                
                   : 推理之王3",8.5,, 42.00元, 2017-1 , 云南人民出版社 ,紫金陈 
238,https://book.douban.com/subject/1004088/,https://img1.doubanio.com/view/subject/s/public/s1290828.jpg,长袜子皮皮,9.0,, 17.80元, 1999-3 , 中国少年儿童出版社 ,[瑞典] 阿斯特丽德·林格伦 / 李之义 
239,https://book.douban.com/subject/1008189/,https://img1.doubanio.com/view/subject/s/public/s1562997.jpg,西方哲学史（上卷）,8.9,西方哲学史及其与从古代到现代的政治、社会情况的联系, 25.00, 1963-9 , 商务印书馆 ,[英] 罗素 / 何兆武 
240,https://book.douban.com/subject/1085470/,https://img9.doubanio.com/view/subject/s/public/s1817666.jpg,海底两万里,8.5,你听说过鹦鹉螺号吗？, 19.50元, 2002-9 , 译林出版社 ,[法国] 儒尔·凡尔纳 / 沈国华 
241,https://book.douban.com/subject/1144185/,https://img2.doubanio.com/view/subject/s/public/s24503563.jpg,"美国宪政历程

                
                   : 影响美国的25个司法大案",9.1,25个案例异彩纷呈，美国宪政的酸甜苦辣尽在其中, 35.00元, 2014-1 , 中国法制出版社 ,任东来 
242,https://book.douban.com/subject/2328458/,https://img2.doubanio.com/view/subject/s/public/s2783843.jpg,社会性动物,9.1,美国社会心理学的《圣经》, 45.00元, 2007-12 , 华东师范大学出版社 ,Elliot Aronson / 邢占军 
243,https://book.douban.com/subject/1264579/,https://img1.doubanio.com/view/subject/s/public/s2508587.jpg,欢乐英雄,8.8,坚持自己的信念，在贫穷中获得欢乐与友谊, 28.00元, 2005-8 , 珠海出版社 ,古龙 
244,https://book.douban.com/subject/2340609/,https://img2.doubanio.com/view/subject/s/public/s2798862.jpg,2001太空漫游,9.1,科幻三巨头之一阿瑟·克拉克代表作, 28.00元, 2007-11 , 上海人民出版社 ,[英] 阿瑟·克拉克 / 郝明义 
245,https://book.douban.com/subject/6781794/,https://img1.doubanio.com/view/subject/s/public/s24422879.jpg,过于喧嚣的孤独,8.8,我为它而活着，并为写它推迟了我的死亡, 22.00元, 2011-10 , 北京十月文艺出版社 ,(捷克) 赫拉巴尔 / 杨乐云 
246,https://book.douban.com/subject/1080309/,https://img2.doubanio.com/view/subject/s/public/s9140762.jpg,尘埃落定,8.5,一个傻子的土司家族传奇, 22.0, 1998-3-1 , 人民文学出版社 ,阿来 
247,https://book.douban.com/subject/27611824/,https://img3.doubanio.com/view/subject/s/public/s29707420.jpg,如父如子,8.9,, 49.80, 2018-4 , 湖南文艺出版社 ,[日] 是枝裕和 / 丹勇 
248,https://book.douban.com/subject/6401128/,https://img1.doubanio.com/view/subject/s/public/s6643899.jpg,"批评官员的尺度

                
                   : 《纽约时报》诉警察局长沙利文案",8.9,新闻自由史上的里程碑案件：《纽约时报》诉沙利文案, 32.00元, 2011-7 , 北京大学出版社 ,[美] 安东尼·刘易斯 / 何帆 
249,https://book.douban.com/subject/6789551/,https://img2.doubanio.com/view/subject/s/public/s8972083.jpg,不存在的骑士,8.9,, 22.00元, 2012-4 , 译林出版社 ,[意] 伊塔洛·卡尔维诺 / 吴正仪 
